{
  "originZ": [
    -2.0690714705991438, 
    -4.1920749199477223, 
    18.584926221933802, 
    -14.763149360378655, 
    -15.258155245864467, 
    12.997929725962022, 
    11.978512714668961, 
    4.4759635512825477, 
    -4.3615005262654485, 
    12.725623477450251, 
    13.555693329214778, 
    -19.175806887779427, 
    -8.3099084886982695, 
    -2.7352172187706341, 
    -7.8848133549992481, 
    0.6166879424788666, 
    -19.146178252722926, 
    18.547519357572053, 
    4.3800518259554568, 
    18.993490401964166, 
    -9.7643913147773294, 
    -2.9678685685619999, 
    7.3650018604484329, 
    -6.1999404860733538, 
    -12.365090342539693, 
    5.7771493886277412, 
    14.06383902106937, 
    -13.761643015210389, 
    -14.850361616720724, 
    10.37866397147978
  ], 
  "originX": [
    15.268136896307102, 
    -10.734600617252491, 
    -5.300085038732556, 
    -10.575116938836855, 
    10.334368792316628, 
    14.404582474689247, 
    -0.57062387872955211, 
    -18.946356007262526, 
    -3.2368112822623849, 
    9.053906725351176, 
    -12.870518265667188, 
    3.7627425253461553, 
    1.89095180818234, 
    18.464802663947268, 
    -17.432427569951646, 
    9.713597953966655, 
    -4.0546134747516813, 
    1.6726152793223659, 
    -12.47026961326508, 
    4.7069240032326682, 
    16.088521392655483, 
    6.8505364641147022, 
    -9.2224738666625896, 
    -17.78015356665119, 
    4.9482148724560826, 
    18.83543540841924, 
    -1.7517327982169866, 
    -9.0537984665662172, 
    -13.052286987466351, 
    9.6026537609479519
  ], 
  "originY": [
    12.751585743436374, 
    -16.346096092032063, 
    5.1487489651435769, 
    8.3795180462531569, 
    -7.7710694347726896, 
    -4.8540525927640141, 
    -16.005924576020881, 
    4.5827223706992664, 
    19.248386059134432, 
    12.493409467426162, 
    -7.1128712860212504, 
    4.2579571265315321, 
    -18.093361273378711, 
    -7.1812011080727904, 
    -5.8258207464149967, 
    -17.471854817770193, 
    -4.1211609873363013, 
    -7.2932766167443956, 
    15.010247225440285, 
    4.1342700419090379, 
    6.7687621951010613, 
    18.554296168698578, 
    -16.146291319413656, 
    6.7399463727457025, 
    14.920446052290556, 
    3.4425162201026525, 
    14.111692463781823, 
    -11.342218250593362, 
    -3.0173770474109269, 
    -14.144694232065897
  ], 
  "radius": [
    4.3132816950386772, 
    3.2124877843132653, 
    2.497996011049485, 
    4.9551411578222835, 
    2.3270139006557939, 
    2.9200412239507032, 
    4.4064213835664194, 
    3.3366400368216631, 
    2.6749494619085219, 
    2.0336199589230213, 
    4.2961020219587258, 
    2.0862307721219171, 
    2.0226835715690084, 
    3.5300672508450539, 
    3.1462849537591846, 
    2.8382263499490108, 
    4.1092648823323028, 
    2.7060372059727262, 
    4.1939657657379126, 
    2.2670046734935627, 
    2.2479469553790739, 
    3.0161755345837102, 
    2.9897365882013629, 
    4.1939508710959696, 
    4.687860232166881, 
    4.437950490712165, 
    3.9606457594598856, 
    4.7805086056611081, 
    2.2977242787823657, 
    4.0754873939210023
  ]
}